group,metric,numerator,denominator,rate
Flow B,step_success_rate,85,86,0.988372
Flow B,completion_rate,14,15,0.933333
Flow B,completion_rate_step_limit_abort_breakdown,0,1,0.000000
Flow B,completion_rate_other_non_completed_breakdown,1,1,1.000000
Flow B,human_override_rate,0,0,0.000000
Flow C,step_success_rate,15,20,0.750000
Flow C,completion_rate,4,4,1.000000
Flow C,completion_rate_step_limit_abort_breakdown,0,0,0.000000
Flow C,completion_rate_other_non_completed_breakdown,0,0,0.000000
Flow C,human_override_rate,0,5,0.000000
